source,target,relation
2019/1156,345/2013,amending
2019/1156,346/2013,amending
2019/1156,1286/2014,amending
2021/2259,1286/2014,amending
2017/653,1286/2014,supplementing
2016/1904,1286/2014,supplementing
2021/2268,2017/653,amending
2021/2268,1286/2014,amending
2019/1866,2017/653,amending
2019/1866,1286/2014,amending
2016/2340,1286/2014,amending
2022/1666,1286/2014,supplementing
2018/977,1286/2014,supplementing
2017/653,1286/2014,supplementing
2022/1666,1286/2014,supplementing
2022/975,2017/653,amending
2022/975,2021/2268,amending
2021/2268,2017/653,amending
2021/2268,1286/2014,amending
2019/1866,2017/653,amending
2019/1866,1286/2014,amending
2018/977,1286/2014,supplementing
2021/2268,2017/653,amending
2021/2268,1286/2014,amending
2022/975,2017/653,amending
2022/975,2021/2268,amending
2017/2402,2009/65,amending
2017/2402,2009/138,amending
2017/2402,2011/61,amending
2017/2402,1060/2009,amending
2017/2402,648/2012,amending
2019/2034,2002/87,amending
2019/2034,2009/65,amending
2019/2034,2011/61,amending
2019/2034,2013/36,amending
2019/2034,2014/59,amending
2019/2034,2014/65,amending
2011/61,2003/41,amending
2011/61,2009/65,amending
2011/61,1060/2009,amending
2011/61,1095/2010,amending
2019/2162,2009/65,amending
2019/2162,2014/59,amending
2022/2556,2009/65,amending
2022/2556,2009/138,amending
2022/2556,2011/61,amending
2022/2556,2013/36,amending
2022/2556,2014/59,amending
2022/2556,2014/65,amending
2022/2556,2015/2366,amending
2022/2556,2016/2341,amending
2016/438,2009/65,supplementing
2014/91,2009/65,amending
2019/1160,2009/65,amending
2019/1160,2011/61,amending
2013/14,2003/41,amending
2013/14,2009/65,amending
2013/14,2011/61,amending
2021/2261,2009/65,amending
2020/852,2019/2088,amending
2022/1288,2019/2088,supplementing
2022/1288,2019/2088,supplementing
2023/363,2022/1288,amending
2023/363,2022/1288,amending
2020/852,2019/2088,amending
2021/2139,2020/852,supplementing
2021/2178,2020/852,supplementing
2021/2178,2013/34,supplementing
2014/95,2013/34,amending
2022/246,2017/39,amending
2019/2034,2002/87,amending
2019/2034,2009/65,amending
2019/2034,2011/61,amending
2019/2034,2013/36,amending
2019/2034,2014/59,amending
2019/2034,2014/65,amending
2022/858,600/2014,amending
2022/858,909/2014,amending
2022/858,2014/65,amending
909/2014,2014/65,amending
909/2014,236/2012,amending
2014/65,2002/92,amending
2014/65,2011/61,amending
2022/2556,2009/65,amending
2022/2556,2009/138,amending
2022/2556,2011/61,amending
2022/2556,2013/36,amending
2022/2556,2014/59,amending
2022/2556,2014/65,amending
2022/2556,2015/2366,amending
2022/2556,2016/2341,amending
2019/2115,2014/65,amending
2019/2115,596/2014,amending
2019/2115,2017/1129,amending
2017/565,2014/65,supplementing
2017/589,2014/65,supplementing
2019/1868,1031/2010,amending
2019/1868,2014/65,amending
2017/584,2014/65,supplementing
2017/593,2014/65,supplementing
2017/588,2014/65,supplementing
2017/575,2014/65,supplementing
2017/571,2014/65,supplementing
2017/586,2014/65,supplementing
2022/1302,2014/65,supplementing
2021/1833,2014/65,supplementing
2017/1018,2014/65,supplementing
2017/568,2014/65,supplementing
2021/1254,2014/65,supplementing
2021/338,2014/65,amending
2021/338,2013/36,amending
2021/338,2019/878,amending
2017/1943,2014/65,supplementing
2017/578,2014/65,supplementing
2019/2177,2009/138,amending
2019/2177,2014/65,amending
2019/2177,2015/849,amending
2022/1299,2014/65,supplementing
2017/1946,2004/39,supplementing
2017/1946,2014/65,supplementing
2017/574,2014/65,supplementing
2017/569,2014/65,supplementing
2017/576,2014/65,supplementing
2017/570,2014/65,supplementing
2017/566,2014/65,supplementing
2017/573,2014/65,supplementing
2016/1034,2014/65,amending
2020/1504,2014/65,amending
2019/1011,2017/565,amending
2019/1011,2014/65,amending
2018/63,2017/571,amending
2018/63,2014/65,supplementing
2017/2294,2017/565,amending
2017/2294,2014/65,amending
2022/2402,2014/65,supplementing
600/2014,648/2012,amending
2022/858,600/2014,amending
2022/858,909/2014,amending
2022/858,2014/65,amending
2021/23,1095/2010,amending
2021/23,648/2012,amending
2021/23,600/2014,amending
2021/23,806/2014,amending
2021/23,2015/2365,amending
2021/23,2002/47,amending
2021/23,2004/25,amending
2021/23,2007/36,amending
2021/23,2014/59,amending
2021/23,2017/1132,amending
2022/2554,1060/2009,amending
2022/2554,648/2012,amending
2022/2554,600/2014,amending
2022/2554,909/2014,amending
2022/2554,2016/1011,amending
2019/2033,1093/2010,amending
2019/2033,575/2013,amending
2019/2033,600/2014,amending
2019/2033,806/2014,amending
2016/1033,600/2014,amending
2016/1033,596/2014,amending
2016/1033,909/2014,amending
2017/567,600/2014,supplementing
2017/583,600/2014,supplementing
2017/587,600/2014,supplementing
2022/803,600/2014,supplementing
2017/590,600/2014,supplementing
2017/577,600/2014,supplementing
2017/581,600/2014,supplementing
2022/930,600/2014,supplementing
2017/2417,600/2014,supplementing
2017/2194,600/2014,supplementing
2017/1799,600/2014,supplementing
2017/582,600/2014,supplementing
2017/585,600/2014,supplementing
2017/572,600/2014,supplementing
2017/580,600/2014,supplementing
2017/579,600/2014,supplementing
2016/2021,600/2014,supplementing
2016/2020,600/2014,supplementing
2016/2022,600/2014,supplementing
2020/2127,2019/541,amending
2020/2127,600/2014,amending
2019/1000,2017/1799,amending
2019/1000,600/2014,amending
2019/462,2017/1799,amending
2019/462,600/2014,amending
2022/466,600/2014,supplementing
2017/2154,600/2014,supplementing
2011/61,2003/41,amending
2011/61,2009/65,amending
2011/61,1060/2009,amending
2011/61,1095/2010,amending
2014/65,2002/92,amending
2014/65,2011/61,amending
2019/2034,2002/87,amending
2019/2034,2009/65,amending
2019/2034,2011/61,amending
2019/2034,2013/36,amending
2019/2034,2014/59,amending
2019/2034,2014/65,amending
2017/2402,2009/65,amending
2017/2402,2009/138,amending
2017/2402,2011/61,amending
2017/2402,1060/2009,amending
2017/2402,648/2012,amending
231/2013,2011/61,supplementing
694/2014,2011/61,supplementing
2022/2556,2009/65,amending
2022/2556,2009/138,amending
2022/2556,2011/61,amending
2022/2556,2013/36,amending
2022/2556,2014/59,amending
2022/2556,2014/65,amending
2022/2556,2015/2366,amending
2022/2556,2016/2341,amending
2019/1160,2009/65,amending
2019/1160,2011/61,amending
2016/2295,2000/518,amending
2016/2295,2002/2,amending
2016/2295,2003/490,amending
2016/2295,2003/821,amending
2016/2295,2004/411,amending
2016/2295,2008/393,amending
2016/2295,2010/146,amending
2016/2295,2010/625,amending
2016/2295,2011/61,amending
2016/2295,2012/484,amending
2016/2295,2013/65,amending
2013/14,2003/41,amending
2013/14,2009/65,amending
2013/14,2011/61,amending
231/2013,2011/61,supplementing
2021/1255,231/2013,amending
2018/1618,231/2013,amending
1286/2014,1995/0046,references
1286/2014,2000/0031,references
1286/2014,2001/0045,references
1286/2014,2002/0065,references
1286/2014,2002/0092,references
1286/2014,2003/0041,references
1286/2014,2003/0071,references
1286/2014,2009/0065,references
1286/2014,2009/0138,references
1286/2014,2010/1093,references
1286/2014,2010/1094,references
1286/2014,2010/1095,references
1286/2014,2011/0061,references
1286/2014,2013/0034,references
1286/2014,2013/0346,references
1286/2014,2014/0065,references
1286/2014,2014/0600,references
2019/1156,2016/291,references
2019/1156,2016/005,references
2019/1156,2009/0065,references
2019/1156,2010/1095,references
2019/1156,2011/0061,references
2019/1156,2013/0036,references
2019/1156,2014/0065,references
2019/1156,2015/0760,references
2019/1156,2016/0679,references
2019/1156,2017/1129,references
2019/1156,2018/1725,references
2019/1156,2019/1160,references
2019/1156,2018/1533,references
2021/2259,2009/0065,references
2021/2259,2017/0653,references
2017/653,2009/0065,references
2017/653,2010/0583,references
2017/653,2010/1093,references
2017/653,2010/1094,references
2017/653,2010/1095,references
2017/653,2014/0065,references
2017/653,2014/0600,references
2017/653,2016/0097,references
2016/1904,2010/1094,references
2016/1904,2014/0065,references
2021/2268,2009/0065,references
2021/2268,2010/0583,references
2021/2268,2010/1093,references
2021/2268,2010/1094,references
2021/2268,2010/1095,references
2021/2268,2011/0061,references
2021/2268,2014/0065,references
2021/2268,2016/0097,references
2021/2268,2021/0397,references
2019/1866,2009/0065,references
2019/1866,2010/1093,references
2019/1866,2010/1094,references
2019/1866,2010/1095,references
2019/1866,2019/1156,references
2016/2340,2010/1093,references
2016/2340,2010/1094,references
2016/2340,2010/1095,references
2017/653,2009/0065,references
2017/653,2010/0583,references
2017/653,2010/1093,references
2017/653,2010/1094,references
2017/653,2010/1095,references
2017/653,2014/0065,references
2017/653,2014/0600,references
2017/653,2016/0097,references
2022/975,2009/0065,references
2022/975,2019/1866,references
2022/975,2021/2259,references
2021/2268,2009/0065,references
2021/2268,2010/0583,references
2021/2268,2010/1093,references
2021/2268,2010/1094,references
2021/2268,2010/1095,references
2021/2268,2011/0061,references
2021/2268,2014/0065,references
2021/2268,2016/0097,references
2021/2268,2021/0397,references
2019/1866,2009/0065,references
2019/1866,2010/1093,references
2019/1866,2010/1094,references
2019/1866,2010/1095,references
2019/1866,2019/1156,references
2021/2268,2009/0065,references
2021/2268,2010/0583,references
2021/2268,2010/1093,references
2021/2268,2010/1094,references
2021/2268,2010/1095,references
2021/2268,2011/0061,references
2021/2268,2014/0065,references
2021/2268,2016/0097,references
2021/2268,2021/0397,references
2022/975,2009/0065,references
2022/975,2019/1866,references
2022/975,2021/2259,references
2017/2402,2016/290,references
2017/2402,2002/0087,references
2017/2402,2003/0041,references
2017/2402,2003/0071,references
2017/2402,2008/0048,references
2017/2402,2010/1092,references
2017/2402,2010/1093,references
2017/2402,2010/1094,references
2017/2402,2010/1095,references
2017/2402,2013/0034,references
2017/2402,2013/0036,references
2017/2402,2013/0231,references
2017/2402,2013/0575,references
2017/2402,2013/1024,references
2017/2402,2014/0017,references
2017/2402,2014/0059,references
2017/2402,2014/0065,references
2017/2402,2014/0596,references
2017/2402,2014/0600,references
2017/2402,2014/0625,references
2017/2402,2014/0806,references
2017/2402,2015/0003,references
2017/2402,2015/0035,references
2017/2402,2015/0061,references
2017/2402,2015/1017,references
2017/2402,2015/2365,references
2017/2402,2016/2341,references
2017/2402,2014/0903,references
2017/2402,2015/4971,references
2017/2402,2016/0011,references
2009/65,1978/0660,references
2009/65,1983/0349,references
2009/65,1997/0009,references
2009/65,1999/0468,references
2009/65,2001/0528,references
2009/65,2004/0109,references
2009/65,2004/0139,references
2009/65,2006/0043,references
2009/65,2006/0048,references
2009/65,2006/0049,references
2009/65,2009/0077,references
2019/2034,2016/157,references
2019/2034,2016/258,references
2019/2034,2016/290,references
2019/2034,2016/291,references
2019/2034,2016/005,references
2019/2034,2002/1606,references
2019/2034,2006/0043,references
2019/2034,2009/0384,references
2019/2034,2009/0138,references
2019/2034,2010/1092,references
2019/2034,2010/1093,references
2019/2034,2010/1095,references
2019/2034,2012/0648,references
2019/2034,2013/0034,references
2019/2034,2013/0575,references
2019/2034,2014/0600,references
2019/2034,2015/0849,references
2019/2034,2016/0679,references
2019/2034,2018/1725,references
2019/2034,2019/0878,references
2019/2034,2019/2033,references
2019/2034,2017/5601,references
2019/2034,2018/0036,references
2011/61,1977/0091,references
2011/61,1983/0349,references
2011/61,1995/0046,references
2011/61,1997/0009,references
2011/61,1998/0026,references
2011/61,2001/0528,references
2011/61,2001/0045,references
2011/61,2002/0014,references
2011/61,2003/0361,references
2011/61,2003/0071,references
2011/61,2004/0025,references
2011/61,2004/0039,references
2011/61,2004/0109,references
2011/61,2006/0043,references
2011/61,2006/0048,references
2011/61,2006/0049,references
2011/61,2006/0073,references
2011/61,2009/0384,references
2011/61,2009/0024,references
2011/61,2010/1092,references
2011/61,2010/1093,references
2011/61,2010/1094,references
2011/61,2011/0182,references
2019/2162,2016/005,references
2019/2162,2001/0045,references
2019/2162,2002/0047,references
2019/2162,2006/0111,references
2019/2162,2010/1093,references
2019/2162,2010/1095,references
2019/2162,2013/0575,references
2019/2162,2013/1024,references
2019/2162,2015/0035,references
2019/2162,2015/0061,references
2019/2162,2016/0679,references
2019/2162,2018/1725,references
2019/2162,2019/2160,references
2019/2162,2018/1058,references
2022/2556,2016/005,references
2022/2556,2009/0110,references
2022/2556,2010/1093,references
2022/2556,2014/0596,references
2022/2556,2014/0600,references
2022/2556,2022/2554,references
2022/2556,2020/5040,references
2022/2556,2021/0020,references
2016/438,2002/1606,references
2016/438,2013/0034,references
2016/438,2013/0036,references
2016/438,2013/0575,references
2016/438,2014/0091,references
2010/42,2008/0593,references
2010/42,2009/0077,references
2010/43,2003/0006,references
2010/43,2004/0039,references
2010/43,2006/0073,references
2010/43,2007/0016,references
2010/43,2008/0593,references
2010/43,2009/0077,references
584/2010,2009/0077,references
2016/1212,2010/1095,references
583/2010,2004/0039,references
583/2010,2009/0077,references
583/2010,2009/0073,references
2014/91,1195/0046,references
2014/91,1997/0009,references
2014/91,1998/0026,references
2014/91,2001/0528,references
2014/91,2001/0045,references
2014/91,2006/0073,references
2014/91,2009/0384,references
2014/91,2010/1093,references
2014/91,2010/1095,references
2014/91,2011/0061,references
2014/91,2012/0648,references
2014/91,2013/0034,references
2014/91,2013/0036,references
2014/91,2013/0575,references
2014/91,2014/0065,references
2014/91,2014/0909,references
2019/1160,2013/0036,references
2019/1160,2014/0065,references
2019/1160,2015/0760,references
2019/1160,2019/1156,references
2019/1160,2018/1533,references
2013/14,2009/1060,references
2021/2261,2014/1286,references
2021/2261,2017/0653,references
2021/2261,2021/2259,references
2019/2088,2016/290,references
2019/2088,2016/291,references
2019/2088,2016/005,references
2019/2088,2009/0065,references
2019/2088,2009/0138,references
2019/2088,2010/1093,references
2019/2088,2010/1094,references
2019/2088,2010/1095,references
2019/2088,2011/0061,references
2019/2088,2013/0034,references
2019/2088,2013/0036,references
2019/2088,2013/0345,references
2019/2088,2013/0346,references
2019/2088,2014/0065,references
2019/2088,2014/1286,references
2019/2088,2015/0760,references
2019/2088,2016/1841,references
2019/2088,2016/0097,references
2019/2088,2016/2341,references
2019/2088,2016/1011,references
2019/2088,2019/1238,references
2019/2088,2016/0739,references
2019/2088,2018/2766,references
2020/852,2016/191,references
2020/852,2016/290,references
2020/852,2016/003,references
2020/852,2016/005,references
2020/852,1991/0271,references
2020/852,1991/0676,references
2020/852,1992/0043,references
2020/852,1994/0062,references
2020/852,1997/0338,references
2020/852,1998/0083,references
2020/852,1999/0031,references
2020/852,2000/0532,references
2020/852,2000/0053,references
2020/852,2000/0060,references
2020/852,2001/0042,references
2020/852,2004/0035,references
2020/852,2004/0107,references
2020/852,2006/0007,references
2020/852,2006/0066,references
2020/852,2006/0118,references
2020/852,2006/1013,references
2020/852,2006/1907,references
2020/852,2008/0050,references
2020/852,2008/0056,references
2020/852,2008/0098,references
2020/852,2008/0105,references
2020/852,2009/0031,references
2020/852,2009/0125,references
2020/852,2009/0147,references
2020/852,2009/1221,references
2020/852,2010/0075,references
2020/852,2010/0066,references
2020/852,2010/0995,references
2020/852,2010/1093,references
2020/852,2010/1094,references
2020/852,2010/1095,references
2020/852,2011/0065,references
2020/852,2011/0092,references
2020/852,2012/0019,references
2020/852,2012/0027,references
2020/852,2013/1386,references
2020/852,2013/0179,references
2020/852,2013/0034,references
2020/852,2013/0525,references
2020/852,2013/1380,references
2020/852,2014/0955,references
2020/852,2014/0023,references
2020/852,2014/0024,references
2020/852,2014/0025,references
2020/852,2014/0511,references
2020/852,2014/0538,references
2020/852,2014/0600,references
2020/852,2014/1143,references
2020/852,2014/1286,references
2020/852,2014/1357,references
2020/852,2015/1017,references
2020/852,2016/1841,references
2020/852,2016/0802,references
2020/852,2016/2284,references
2020/852,2017/0848,references
2020/852,2017/1129,references
2020/852,2017/1369,references
2020/852,2018/0844,references
2020/852,2018/2001,references
2020/852,2018/0841,references
2020/852,2019/0883,references
2020/852,2019/0904,references
2020/852,2019/1021,references
2020/852,2019/1238,references
2020/852,2020/0852,references
2020/852,2003/0251,references
2020/852,2007/0414,references
2020/852,2008/0400,references
2020/852,2011/0244,references
2020/852,2012/0673,references
2020/852,2013/0249,references
2020/852,2013/0659,references
2020/852,2015/0614,references
2020/852,2016/0087,references
2020/852,2018/2767,references
2020/852,2018/0028,references
2020/852,2018/0097,references
2020/852,2018/0215,references
2020/852,2019/0128,references
2020/852,2019/0352,references
2022/1288,2007/0036,references
2022/1288,2009/0065,references
2022/1288,2009/0138,references
2022/1288,2010/1093,references
2022/1288,2010/1094,references
2022/1288,2010/1095,references
2022/1288,2011/0061,references
2022/1288,2012/0236,references
2022/1288,2013/0575,references
2022/1288,2016/1011,references
2022/1288,2017/2402,references
2022/1288,2018/1999,references
2022/1288,2020/0852,references
2022/1288,2020/1818,references
2022/1288,2021/2139,references
2022/1288,2021/2178,references
2022/1288,2007/0036,references
2022/1288,2009/0065,references
2022/1288,2009/0138,references
2022/1288,2010/1093,references
2022/1288,2010/1094,references
2022/1288,2010/1095,references
2022/1288,2011/0061,references
2022/1288,2012/0236,references
2022/1288,2013/0575,references
2022/1288,2016/1011,references
2022/1288,2017/2402,references
2022/1288,2018/1999,references
2022/1288,2020/0852,references
2022/1288,2020/1818,references
2022/1288,2021/2139,references
2022/1288,2021/2178,references
2023/363,2010/1093,references
2023/363,2010/1094,references
2023/363,2010/1095,references
2023/363,2020/0852,references
2023/363,2021/2139,references
2023/363,2021/2178,references
2023/363,2022/1214,references
2023/363,2010/1093,references
2023/363,2010/1094,references
2023/363,2010/1095,references
2023/363,2020/0852,references
2023/363,2021/2139,references
2023/363,2021/2178,references
2023/363,2022/1214,references
2020/852,2016/191,references
2020/852,2016/290,references
2020/852,2016/003,references
2020/852,2016/005,references
2020/852,1991/0271,references
2020/852,1991/0676,references
2020/852,1992/0043,references
2020/852,1994/0062,references
2020/852,1997/0338,references
2020/852,1998/0083,references
2020/852,1999/0031,references
2020/852,2000/0532,references
2020/852,2000/0053,references
2020/852,2000/0060,references
2020/852,2001/0042,references
2020/852,2004/0035,references
2020/852,2004/0107,references
2020/852,2006/0007,references
2020/852,2006/0066,references
2020/852,2006/0118,references
2020/852,2006/1013,references
2020/852,2006/1907,references
2020/852,2008/0050,references
2020/852,2008/0056,references
2020/852,2008/0098,references
2020/852,2008/0105,references
2020/852,2009/0031,references
2020/852,2009/0125,references
2020/852,2009/0147,references
2020/852,2009/1221,references
2020/852,2010/0075,references
2020/852,2010/0066,references
2020/852,2010/0995,references
2020/852,2010/1093,references
2020/852,2010/1094,references
2020/852,2010/1095,references
2020/852,2011/0065,references
2020/852,2011/0092,references
2020/852,2012/0019,references
2020/852,2012/0027,references
2020/852,2013/1386,references
2020/852,2013/0179,references
2020/852,2013/0034,references
2020/852,2013/0525,references
2020/852,2013/1380,references
2020/852,2014/0955,references
2020/852,2014/0023,references
2020/852,2014/0024,references
2020/852,2014/0025,references
2020/852,2014/0511,references
2020/852,2014/0538,references
2020/852,2014/0600,references
2020/852,2014/1143,references
2020/852,2014/1286,references
2020/852,2014/1357,references
2020/852,2015/1017,references
2020/852,2016/1841,references
2020/852,2016/0802,references
2020/852,2016/2284,references
2020/852,2017/0848,references
2020/852,2017/1129,references
2020/852,2017/1369,references
2020/852,2018/0844,references
2020/852,2018/2001,references
2020/852,2018/0841,references
2020/852,2019/0883,references
2020/852,2019/0904,references
2020/852,2019/1021,references
2020/852,2019/1238,references
2020/852,2020/0852,references
2020/852,2003/0251,references
2020/852,2007/0414,references
2020/852,2008/0400,references
2020/852,2011/0244,references
2020/852,2012/0673,references
2020/852,2013/0249,references
2020/852,2013/0659,references
2020/852,2015/0614,references
2020/852,2016/0087,references
2020/852,2018/2767,references
2020/852,2018/0028,references
2020/852,2018/0097,references
2020/852,2018/0215,references
2020/852,2019/0128,references
2020/852,2019/0352,references
2021/2139,2006/1893,references
2021/2139,2010/0075,references
2021/2139,2013/0179,references
2021/2139,2013/0034,references
2021/2139,2018/2001,references
2021/2139,2019/0640,references
2021/2139,2020/0380,references
2021/2139,2020/0562,references
2021/2139,2020/0663,references
2021/2139,2020/0789,references
2021/2139,2020/0563,references
2021/2139,2021/0082,references
2021/2178,2009/0065,references
2021/2178,2009/0138,references
2021/2178,2011/0061,references
2021/2178,2013/0034,references
2021/2178,2013/0575,references
2021/2178,2019/2088,references
2021/2178,2021/2139,references
2014/95,2013/0036,references
2022/246,2017/0040,references
2019/2034,2016/157,references
2019/2034,2016/258,references
2019/2034,2016/290,references
2019/2034,2016/291,references
2019/2034,2016/005,references
2019/2034,2002/1606,references
2019/2034,2006/0043,references
2019/2034,2009/0384,references
2019/2034,2009/0138,references
2019/2034,2010/1092,references
2019/2034,2010/1093,references
2019/2034,2010/1095,references
2019/2034,2012/0648,references
2019/2034,2013/0034,references
2019/2034,2013/0575,references
2019/2034,2014/0600,references
2019/2034,2015/0849,references
2019/2034,2016/0679,references
2019/2034,2018/1725,references
2019/2034,2019/0878,references
2019/2034,2019/2033,references
2019/2034,2017/5601,references
2019/2034,2018/0036,references
2022/858,2016/005,references
2022/858,2016/007,references
2022/858,2016/008,references
2022/858,1998/0026,references
2022/858,2010/1095,references
2022/858,2012/0236,references
2022/858,2013/0050,references
2022/858,2013/0575,references
2022/858,2014/0596,references
2022/858,2016/0679,references
2022/858,2017/1129,references
2022/858,2018/1725,references
2022/858,2019/1937,references
2022/858,2019/2034,references
2022/858,2019/2033,references
2022/858,2021/0023,references
2022/858,2020/4982,references
2022/858,2021/0015,references
909/2014,1995/0046,references
909/2014,2001/0528,references
909/2014,2001/0045,references
909/2014,2002/0047,references
909/2014,2003/0071,references
909/2014,2003/0087,references
909/2014,2005/0060,references
909/2014,2006/0070,references
909/2014,2010/0078,references
909/2014,2010/1092,references
909/2014,2010/1093,references
909/2014,2010/1095,references
909/2014,2011/0182,references
909/2014,2012/0648,references
909/2014,2013/0034,references
909/2014,2013/0036,references
909/2014,2013/0575,references
909/2014,2013/1024,references
909/2014,2014/0059,references
909/2014,2014/0600,references
909/2014,2014/0909,references
909/2014,2001/0338,references
2014/65,1993/0022,references
2014/65,1995/0046,references
2014/65,1997/0009,references
2014/65,1998/0257,references
2014/65,2001/0310,references
2014/65,2001/0034,references
2014/65,2001/0045,references
2014/65,2002/0047,references
2014/65,2002/0058,references
2014/65,2002/0087,references
2014/65,2003/0071,references
2014/65,2003/0087,references
2014/65,2004/0109,references
2014/65,2005/0060,references
2014/65,2006/0043,references
2014/65,2006/0073,references
2014/65,2009/0065,references
2014/65,2009/0072,references
2014/65,2009/0073,references
2014/65,2009/0138,references
2014/65,2009/0714,references
2014/65,2009/0715,references
2014/65,2010/0583,references
2014/65,2010/1093,references
2014/65,2010/1094,references
2014/65,2010/1095,references
2014/65,2011/1227,references
2014/65,2012/0030,references
2014/65,2012/0236,references
2014/65,2012/0648,references
2014/65,2012/0966,references
2014/65,2013/0034,references
2014/65,2013/0036,references
2014/65,2013/0575,references
2014/65,2013/1308,references
2014/65,2014/0017,references
2014/65,2014/0049,references
2014/65,2014/0057,references
2014/65,2014/0596,references
2014/65,2014/0600,references
2022/2556,2016/005,references
2022/2556,2009/0110,references
2022/2556,2010/1093,references
2022/2556,2014/0596,references
2022/2556,2014/0600,references
2022/2556,2022/2554,references
2022/2556,2020/5040,references
2022/2556,2021/0020,references
2019/2115,2016/290,references
2019/2115,2002/1606,references
2019/2115,2004/0025,references
2019/2115,2008/1126,references
2019/2115,2010/1095,references
2019/2115,2013/0034,references
2019/2115,2016/0347,references
2019/2115,2016/0908,references
2019/2115,2018/2916,references
2017/565,2016/007,references
2017/565,2016/008,references
2017/565,1995/0046,references
2017/565,2000/0012,references
2017/565,2001/0045,references
2017/565,2002/0058,references
2017/565,2003/0071,references
2017/565,2003/0087,references
2017/565,2004/0039,references
2017/565,2004/0109,references
2017/565,2009/0065,references
2017/565,2009/0072,references
2017/565,2010/1095,references
2017/565,2011/0061,references
2017/565,2011/1227,references
2017/565,2012/0648,references
2017/565,2013/0272,references
2017/565,2013/0011,references
2017/565,2013/0036,references
2017/565,2013/0575,references
2017/565,2014/0049,references
2017/565,2014/0057,references
2017/565,2014/0059,references
2017/565,2014/0596,references
2017/565,2014/0600,references
2017/565,2014/1286,references
2017/565,2015/2365,references
2017/565,2017/0593,references
2017/565,2017/0572,references
2017/589,2010/1095,references
2017/589,2014/0596,references
2017/589,2014/0600,references
2017/589,2017/0565,references
2019/1868,2004/0039,references
2019/1868,2010/1095,references
2019/1868,2011/1227,references
2019/1868,2013/0034,references
2019/1868,2013/0036,references
2019/1868,2013/0575,references
2019/1868,2014/0065,references
2019/1868,2014/0596,references
2019/1868,2014/0600,references
2019/1868,2015/1814,references
2019/1868,2015/0849,references
2019/1868,2017/0590,references
2019/1868,2018/0410,references
2019/1868,2018/0842,references
2019/1868,2018/1046,references
2019/1868,2019/0856,references
2017/584,2010/1095,references
2017/584,2013/0040,references
2017/584,2014/0596,references
2017/584,2014/0600,references
2017/584,2017/0589,references
2022/1220,2010/1095,references
2022/1220,2014/0600,references
2017/2319,2004/0109,references
2017/2319,2014/0596,references
2017/2319,2014/0600,references
2017/2320,2004/0109,references
2017/2320,2014/0596,references
2017/2320,2014/0600,references
2017/2318,2004/0109,references
2017/2318,2014/0596,references
2017/2318,2014/0600,references
2017/1111,2010/1095,references
2017/593,2003/0071,references
2017/593,2004/0109,references
2017/593,2009/0065,references
2017/593,2010/1095,references
2017/593,2011/0061,references
2017/593,2012/0648,references
2017/593,2013/0036,references
2017/593,2015/2365,references
2017/593,2017/0565,references
2017/588,2010/1095,references
2017/588,2014/0600,references
2017/588,2017/0587,references
2017/588,2017/0590,references
2017/575,2010/1095,references
2017/575,2014/0600,references
2017/571,2010/1095,references
2017/571,2013/0040,references
2017/571,2014/0600,references
2017/571,2017/0583,references
2017/571,2017/0587,references
2017/571,2017/0590,references
2017/586,1997/0009,references
2017/586,2010/1095,references
2017/586,2013/0036,references
2017/586,2014/0600,references
2016/824,1995/0046,references
2016/824,2004/0039,references
2016/824,2010/1095,references
2016/824,2014/0600,references
2022/1302,2002/1606,references
2022/1302,2009/0065,references
2022/1302,2009/0138,references
2022/1302,2010/1095,references
2022/1302,2011/0061,references
2022/1302,2012/0648,references
2022/1302,2013/0036,references
2022/1302,2014/0909,references
2022/1302,2016/2341,references
2022/1302,2021/0338,references
2021/1833,2002/1606,references
2021/1833,2012/0648,references
2021/1833,2013/0034,references
2021/1833,2013/0036,references
2021/1833,2013/0149,references
2021/1833,2021/0338,references
2017/1110,2010/1095,references
2017/1110,2017/0571,references
2017/1018,2010/1095,references
2017/1018,2013/0036,references
2017/568,2001/0034,references
2017/568,2003/0071,references
2017/568,2003/0087,references
2017/568,2004/0109,references
2017/568,2009/0065,references
2017/568,2010/1095,references
2017/568,2011/0061,references
2017/568,2014/0596,references
2017/568,2014/0600,references
2021/1254,2011/0061,references
2021/338,2016/290,references
2021/338,2016/005,references
2021/338,2010/1093,references
2021/338,2010/1095,references
2021/338,2011/1227,references
2021/338,2012/0648,references
2021/338,2013/1308,references
2021/338,2013/1379,references
2021/338,2014/0600,references
2021/338,2018/0843,references
2021/338,2019/2034,references
2021/338,2019/0640,references
2021/338,2020/3577,references
2017/2382,2010/1095,references
2017/2382,2013/0036,references
2017/1943,1995/0046,references
2017/1943,2002/0087,references
2017/1943,2005/0060,references
2017/1943,2010/1095,references
2017/1943,2013/0036,references
2017/1943,2013/0575,references
2017/1943,2017/1946,references
2017/1944,1995/0046,references
2017/1944,2001/0045,references
2017/981,2010/1095,references
2017/980,2010/1095,references
2017/980,2014/0600,references
2017/578,2010/1095,references
2017/578,2014/0600,references
2017/578,2017/0567,references
2017/578,2017/0583,references
2019/2177,2006/0043,references
2019/2177,2010/1093,references
2019/2177,2010/1094,references
2019/2177,2010/1095,references
2019/2177,2014/0600,references
2019/2177,2016/0679,references
2019/2177,2018/1725,references
2019/2177,2017/5295,references
2019/2177,2018/0026,references
2022/1299,2010/1095,references
2022/1299,2021/0338,references
2022/1299,2022/1301,references
2022/552,2014/0065,references
2017/1945,1995/0046,references
2017/1945,2010/1095,references
2017/1946,1995/0046,references
2017/1946,2001/0045,references
2017/1946,2010/1095,references
2017/1005,2010/1095,references
2017/953,2010/1095,references
2017/953,2017/0591,references
2017/574,2010/1095,references
2017/574,2014/0600,references
2017/569,2010/1095,references
2017/576,2010/1095,references
2017/576,2017/0575,references
2017/570,2010/1095,references
2017/570,2017/0587,references
2017/566,2010/1095,references
2017/573,2010/1095,references
2016/1034,2001/0528,references
2016/1034,2004/0109,references
2016/1034,2011/0182,references
2016/1034,2014/0596,references
2016/1034,2014/0600,references
2016/1034,2016/0027,references
2020/1504,2020/1503,references
2020/1504,2018/1108,references
2019/1011,2004/0109,references
2018/63,2010/1095,references
2018/63,2014/0600,references
2018/63,2017/0583,references
600/2014,1995/0046,references
600/2014,2001/0528,references
600/2014,2001/0045,references
600/2014,2003/0041,references
600/2014,2003/0087,references
600/2014,2004/0039,references
600/2014,2004/0809,references
600/2014,2005/0060,references
600/2014,2006/1287,references
600/2014,2009/0065,references
600/2014,2009/0138,references
600/2014,2009/0713,references
600/2014,2010/1093,references
600/2014,2010/1095,references
600/2014,2011/0061,references
600/2014,2011/0182,references
600/2014,2011/1227,references
600/2014,2012/0236,references
600/2014,2013/0036,references
600/2014,2013/0149,references
600/2014,2013/0575,references
600/2014,2013/1308,references
600/2014,2014/0057,references
600/2014,2014/0065,references
600/2014,2014/0596,references
2022/858,2016/005,references
2022/858,2016/007,references
2022/858,2016/008,references
2022/858,1998/0026,references
2022/858,2010/1095,references
2022/858,2012/0236,references
2022/858,2013/0050,references
2022/858,2013/0575,references
2022/858,2014/0596,references
2022/858,2016/0679,references
2022/858,2017/1129,references
2022/858,2018/1725,references
2022/858,2019/1937,references
2022/858,2019/2034,references
2022/858,2019/2033,references
2022/858,2021/0023,references
2022/858,2020/4982,references
2022/858,2021/0015,references
2021/23,2016/107,references
2021/23,2016/108,references
2021/23,2016/109,references
2021/23,2016/218,references
2021/23,2016/290,references
2021/23,2016/005,references
2021/23,2016/047,references
2021/23,1998/0026,references
2021/23,2001/0034,references
2021/23,2004/0109,references
2021/23,2010/1093,references
2021/23,2010/1094,references
2021/23,2013/0036,references
2021/23,2013/0575,references
2021/23,2013/1024,references
2021/23,2014/0596,references
2021/23,2017/1129,references
2021/23,2019/2162,references
2021/23,2016/6466,references
2021/23,2017/0038,references
2022/2554,2016/127,references
2022/2554,2016/290,references
2022/2554,2016/291,references
2022/2554,2016/005,references
2022/2554,2006/0043,references
2022/2554,2009/0065,references
2022/2554,2009/0110,references
2022/2554,2009/0138,references
2022/2554,2010/1093,references
2022/2554,2010/1094,references
2022/2554,2010/1095,references
2022/2554,2011/0061,references
2022/2554,2013/0034,references
2022/2554,2013/0036,references
2022/2554,2013/0575,references
2022/2554,2013/1024,references
2022/2554,2014/0059,references
2022/2554,2014/0065,references
2022/2554,2014/0806,references
2022/2554,2015/2366,references
2022/2554,2016/0097,references
2022/2554,2016/1148,references
2022/2554,2016/2341,references
2022/2554,2016/0679,references
2022/2554,2017/2402,references
2022/2554,2018/1725,references
2022/2554,2019/2034,references
2022/2554,2019/0881,references
2022/2554,2019/2033,references
2022/2554,2020/1503,references
2022/2554,2022/2555,references
2022/2554,2022/2556,references
2022/2554,2022/2557,references
2022/2554,2018/0109,references
2022/2554,2020/5040,references
2022/2554,2021/0020,references
2019/2033,2016/157,references
2019/2033,2016/290,references
2019/2033,2016/291,references
2019/2033,2016/005,references
2019/2033,1986/0635,references
2019/2033,2002/0087,references
2019/2033,2004/0039,references
2019/2033,2009/0138,references
2019/2033,2010/1095,references
2019/2033,2012/0648,references
2019/2033,2013/0034,references
2019/2033,2013/0036,references
2019/2033,2014/0065,references
2019/2033,2014/0909,references
2019/2033,2015/0849,references
2019/2033,2015/2366,references
2019/2033,2015/0061,references
2019/2033,2015/2365,references
2019/2033,2016/0679,references
2019/2033,2017/0593,references
2019/2033,2017/0567,references
2019/2033,2017/0578,references
2019/2033,2019/0878,references
2019/2033,2019/2034,references
2019/2033,2019/0630,references
2019/2033,2019/0876,references
2019/2033,2017/5601,references
2019/2033,2018/0036,references
2016/1033,2016/290,references
2016/1033,2004/0039,references
2016/1033,2010/1095,references
2016/1033,2014/0065,references
2016/1033,2015/2365,references
2016/1033,2016/0027,references
2017/567,2010/1093,references
2017/567,2010/1095,references
2017/567,2012/0236,references
2017/567,2014/0049,references
2017/567,2017/0565,references
2017/567,2017/0571,references
2017/567,2017/0572,references
2017/567,2017/0583,references
2017/567,2017/0587,references
2017/567,2017/0590,references
2017/583,2009/0065,references
2017/583,2010/1095,references
2017/583,2011/0061,references
2017/583,2014/0065,references
2017/583,2017/0571,references
2017/583,2017/0577,references
2017/583,2017/0585,references
2017/583,2017/0590,references
2017/587,2009/0065,references
2017/587,2010/1095,references
2017/587,2011/0061,references
2017/587,2014/0065,references
2017/587,2014/0909,references
2017/587,2017/0571,references
2017/587,2017/0574,references
2017/587,2017/0577,references
2017/587,2017/0590,references
2017/590,2004/0039,references
2017/590,2010/1095,references
2017/590,2012/0236,references
2017/590,2014/0065,references
2017/590,2015/2365,references
2017/590,2017/0571,references
2017/590,2017/0587,references
2017/577,2004/0039,references
2017/577,2006/1287,references
2017/577,2010/1095,references
2017/577,2014/0065,references
2017/577,2016/2020,references
2017/577,2017/0565,references
2017/577,2017/0567,references
2017/577,2017/0571,references
2017/577,2017/0583,references
2017/577,2017/0587,references
2017/581,1998/0026,references
2017/581,2010/1095,references
2017/581,2012/0648,references
2017/581,2013/0153,references
2017/581,2014/0065,references
2019/541,2012/0648,references
2019/541,2014/0065,references
2019/541,2014/0596,references
2017/2238,2012/0648,references
2017/2238,2014/0065,references
2017/2238,2014/0596,references
2022/930,2018/1046,references
2022/930,2019/2175,references
2022/930,2022/0466,references
2017/2417,2010/1095,references
2017/2417,2012/0648,references
2017/2417,2015/2205,references
2017/2417,2016/0592,references
2017/2194,2010/1095,references
2017/2194,2012/0648,references
2017/2194,2017/0583,references
2017/2194,2017/0585,references
2017/582,2010/1095,references
2017/582,2017/0589,references
2017/585,2010/1095,references
2017/572,2010/1095,references
2017/580,2010/1095,references
2017/580,2014/0065,references
2017/580,2017/0574,references
2017/579,2010/1095,references
2017/579,2012/0648,references
2017/579,2013/0575,references
2017/579,2014/0285,references
2016/2021,2010/1095,references
2016/2021,2012/0648,references
2016/2020,2010/1095,references
2016/2020,2012/0648,references
2016/2020,2014/0065,references
2016/2022,2010/1095,references
2020/2127,2012/0648,references
2020/2127,2014/0065,references
2020/2127,2014/0596,references
2019/1000,2019/0143,references
2019/462,2016/050,references
2019/462,2019/0069,references
2022/466,2014/0065,references
2022/466,2019/2175,references
2017/2154,1998/0026,references
2017/2154,2010/1095,references
2017/2154,2012/0648,references
2011/61,1977/0091,references
2011/61,1983/0349,references
2011/61,1995/0046,references
2011/61,1997/0009,references
2011/61,1998/0026,references
2011/61,2001/0528,references
2011/61,2001/0045,references
2011/61,2002/0014,references
2011/61,2003/0361,references
2011/61,2003/0071,references
2011/61,2004/0025,references
2011/61,2004/0039,references
2011/61,2004/0109,references
2011/61,2006/0043,references
2011/61,2006/0048,references
2011/61,2006/0049,references
2011/61,2006/0073,references
2011/61,2009/0384,references
2011/61,2009/0024,references
2011/61,2010/1092,references
2011/61,2010/1093,references
2011/61,2010/1094,references
2011/61,2011/0182,references
2014/65,1993/0022,references
2014/65,1995/0046,references
2014/65,1997/0009,references
2014/65,1998/0257,references
2014/65,2001/0310,references
2014/65,2001/0034,references
2014/65,2001/0045,references
2014/65,2002/0047,references
2014/65,2002/0058,references
2014/65,2002/0087,references
2014/65,2003/0071,references
2014/65,2003/0087,references
2014/65,2004/0109,references
2014/65,2005/0060,references
2014/65,2006/0043,references
2014/65,2006/0073,references
2014/65,2009/0065,references
2014/65,2009/0072,references
2014/65,2009/0073,references
2014/65,2009/0138,references
2014/65,2009/0714,references
2014/65,2009/0715,references
2014/65,2010/0583,references
2014/65,2010/1093,references
2014/65,2010/1094,references
2014/65,2010/1095,references
2014/65,2011/1227,references
2014/65,2012/0030,references
2014/65,2012/0236,references
2014/65,2012/0648,references
2014/65,2012/0966,references
2014/65,2013/0034,references
2014/65,2013/0036,references
2014/65,2013/0575,references
2014/65,2013/1308,references
2014/65,2014/0017,references
2014/65,2014/0049,references
2014/65,2014/0057,references
2014/65,2014/0596,references
2014/65,2014/0600,references
2019/2034,2016/157,references
2019/2034,2016/258,references
2019/2034,2016/290,references
2019/2034,2016/291,references
2019/2034,2016/005,references
2019/2034,2002/1606,references
2019/2034,2006/0043,references
2019/2034,2009/0384,references
2019/2034,2009/0138,references
2019/2034,2010/1092,references
2019/2034,2010/1093,references
2019/2034,2010/1095,references
2019/2034,2012/0648,references
2019/2034,2013/0034,references
2019/2034,2013/0575,references
2019/2034,2014/0600,references
2019/2034,2015/0849,references
2019/2034,2016/0679,references
2019/2034,2018/1725,references
2019/2034,2019/0878,references
2019/2034,2019/2033,references
2019/2034,2017/5601,references
2019/2034,2018/0036,references
2017/2402,2016/290,references
2017/2402,2002/0087,references
2017/2402,2003/0041,references
2017/2402,2003/0071,references
2017/2402,2008/0048,references
2017/2402,2010/1092,references
2017/2402,2010/1093,references
2017/2402,2010/1094,references
2017/2402,2010/1095,references
2017/2402,2013/0034,references
2017/2402,2013/0036,references
2017/2402,2013/0231,references
2017/2402,2013/0575,references
2017/2402,2013/1024,references
2017/2402,2014/0017,references
2017/2402,2014/0059,references
2017/2402,2014/0065,references
2017/2402,2014/0596,references
2017/2402,2014/0600,references
2017/2402,2014/0625,references
2017/2402,2014/0806,references
2017/2402,2015/0003,references
2017/2402,2015/0035,references
2017/2402,2015/0061,references
2017/2402,2015/1017,references
2017/2402,2015/2365,references
2017/2402,2016/2341,references
2017/2402,2014/0903,references
2017/2402,2015/4971,references
2017/2402,2016/0011,references
231/2013,2003/0006,references
231/2013,2004/0039,references
231/2013,2006/0048,references
231/2013,2006/0073,references
231/2013,2009/0065,references
231/2013,2010/0043,references
2015/514,2009/0065,references
448/2013,2010/1095,references
447/2013,2009/0065,references
694/2014,2010/1095,references
2022/2556,2016/005,references
2022/2556,2009/0110,references
2022/2556,2010/1093,references
2022/2556,2014/0596,references
2022/2556,2014/0600,references
2022/2556,2022/2554,references
2022/2556,2020/5040,references
2022/2556,2021/0020,references
2019/1160,2013/0036,references
2019/1160,2014/0065,references
2019/1160,2015/0760,references
2019/1160,2019/1156,references
2019/1160,2018/1533,references
2016/2295,2016/266,references
2016/2295,2000/0520,references
2016/2295,2014/0362,references
2013/14,2009/1060,references
231/2013,2003/0006,references
231/2013,2004/0039,references
231/2013,2006/0048,references
231/2013,2006/0073,references
231/2013,2009/0065,references
231/2013,2010/0043,references
2021/1255,2016/1841,references
2021/1255,2019/2088,references
2021/1255,2018/0097,references
2021/1255,2018/0264,references
2021/1255,2019/0640,references
